run_id,suite_id,case_id,formula,start_mode,seed,depth,steps,warm_depth,warm_steps,restarts,warm_restarts,perturbation_noise,operator_family,operator_schedule,best_loss,post_snap_loss,snap_min_margin,verifier_status,recovery_class,status,claim_status,claim_id,claim_class,training_mode,evidence_class,return_kind,raw_status,repair_status,repair_verifier_status,repair_accepted_move_count,threshold_policy,dataset_manifest_sha256,provenance_source,provenance_expression,runtime_seconds,active_slot_count,changed_slot_count,warm_start_mechanism,reason,artifact_path
v1-8-family-standard-exp-blind-raw-db98b346491e,v1.8-family-standard,exp-blind-raw,exp,blind,0,1,80,0,8,1,1,0.0,raw_eml,,0.0,0.0,1.0,recovered,scaffolded_blind_recovery,recovered,recovered,,,blind_training,scaffolded_blind_training_recovered,,,not_attempted,,0,,c237c6da1b08d9529271554abe841aeb1f97b3e9467fb83a6451f2727ecf4c2d,sources/paper.pdf,exp(x),1.43459395802347,,,,verified,artifacts/campaigns/v1.8-family-standard-scoped/runs/v1.8-family-standard/v1-8-family-standard-exp-blind-raw-db98b346491e.json
v1-8-family-standard-exp-blind-ceml1-4ac74eb747e9,v1.8-family-standard,exp-blind-ceml1,exp,blind,0,1,80,0,8,1,1,0.0,CEML_1,,0.9999999999996655,1.0,1.0,failed,snapped_but_failed,snapped_but_failed,failed,,,blind_training,snapped_but_failed,,,not_repaired,,0,,c237c6da1b08d9529271554abe841aeb1f97b3e9467fb83a6451f2727ecf4c2d,sources/paper.pdf,exp(x),1.0436410420225002,,,,train_failed,artifacts/campaigns/v1.8-family-standard-scoped/runs/v1.8-family-standard/v1-8-family-standard-exp-blind-ceml1-4ac74eb747e9.json
v1-8-family-standard-exp-blind-zeml1-c9c4d5c0452f,v1.8-family-standard,exp-blind-zeml1,exp,blind,0,1,80,0,8,1,1,0.0,ZEML_1,,2.866747375037684,2.866747375038092,1.0,failed,snapped_but_failed,snapped_but_failed,failed,,,blind_training,snapped_but_failed,,,not_repaired,,0,,c237c6da1b08d9529271554abe841aeb1f97b3e9467fb83a6451f2727ecf4c2d,sources/paper.pdf,exp(x),1.088920500013046,,,,train_failed,artifacts/campaigns/v1.8-family-standard-scoped/runs/v1.8-family-standard/v1-8-family-standard-exp-blind-zeml1-c9c4d5c0452f.json
v1-8-family-standard-exp-blind-ceml2-3460d3d0f07b,v1.8-family-standard,exp-blind-ceml2,exp,blind,0,1,80,0,8,1,1,0.0,CEML_2,,1.2206895849228638,1.2206895849232353,1.0,failed,snapped_but_failed,snapped_but_failed,failed,,,blind_training,snapped_but_failed,,,not_repaired,,0,,c237c6da1b08d9529271554abe841aeb1f97b3e9467fb83a6451f2727ecf4c2d,sources/paper.pdf,exp(x),1.0369984999997541,,,,train_failed,artifacts/campaigns/v1.8-family-standard-scoped/runs/v1.8-family-standard/v1-8-family-standard-exp-blind-ceml2-3460d3d0f07b.json
v1-8-family-standard-exp-blind-zeml2-052d8389ce66,v1.8-family-standard,exp-blind-zeml2,exp,blind,0,1,80,0,8,1,1,0.0,ZEML_2,,3.66158143099898,3.661581430999517,1.0,failed,snapped_but_failed,snapped_but_failed,failed,,,blind_training,snapped_but_failed,,,not_repaired,,0,,c237c6da1b08d9529271554abe841aeb1f97b3e9467fb83a6451f2727ecf4c2d,sources/paper.pdf,exp(x),1.012244958023075,,,,train_failed,artifacts/campaigns/v1.8-family-standard-scoped/runs/v1.8-family-standard/v1-8-family-standard-exp-blind-zeml2-052d8389ce66.json
v1-8-family-standard-exp-blind-ceml4-26af8c11d98f,v1.8-family-standard,exp-blind-ceml4,exp,blind,0,1,80,0,8,1,1,0.0,CEML_4,,1.336069702862711,1.3360697028631083,1.0,failed,snapped_but_failed,snapped_but_failed,failed,,,blind_training,snapped_but_failed,,,not_repaired,,0,,c237c6da1b08d9529271554abe841aeb1f97b3e9467fb83a6451f2727ecf4c2d,sources/paper.pdf,exp(x),1.0065716670360416,,,,train_failed,artifacts/campaigns/v1.8-family-standard-scoped/runs/v1.8-family-standard/v1-8-family-standard-exp-blind-ceml4-26af8c11d98f.json
v1-8-family-standard-exp-blind-zeml4-fc85b8b90bd9,v1.8-family-standard,exp-blind-zeml4,exp,blind,0,1,80,0,8,1,1,0.0,ZEML_4,,4.178400535991042,4.178400535991685,1.0,failed,snapped_but_failed,snapped_but_failed,failed,,,blind_training,snapped_but_failed,,,not_repaired,,0,,c237c6da1b08d9529271554abe841aeb1f97b3e9467fb83a6451f2727ecf4c2d,sources/paper.pdf,exp(x),1.111006124992855,,,,train_failed,artifacts/campaigns/v1.8-family-standard-scoped/runs/v1.8-family-standard/v1-8-family-standard-exp-blind-zeml4-fc85b8b90bd9.json
v1-8-family-standard-exp-blind-ceml8-57c361c3087d,v1.8-family-standard,exp-blind-ceml8,exp,blind,0,1,80,0,8,1,1,0.0,CEML_8,,1.3951831598128217,1.395183159813234,1.0,failed,snapped_but_failed,snapped_but_failed,failed,,,blind_training,snapped_but_failed,,,not_repaired,,0,,c237c6da1b08d9529271554abe841aeb1f97b3e9467fb83a6451f2727ecf4c2d,sources/paper.pdf,exp(x),1.0161510829930194,,,,train_failed,artifacts/campaigns/v1.8-family-standard-scoped/runs/v1.8-family-standard/v1-8-family-standard-exp-blind-ceml8-57c361c3087d.json
v1-8-family-standard-exp-blind-zeml8-e04f0ac48af2,v1.8-family-standard,exp-blind-zeml8,exp,blind,0,1,80,0,8,1,1,0.0,ZEML_8,,4.485504223269849,4.485504223270564,1.0,failed,snapped_but_failed,snapped_but_failed,failed,,,blind_training,snapped_but_failed,,,not_repaired,,0,,c237c6da1b08d9529271554abe841aeb1f97b3e9467fb83a6451f2727ecf4c2d,sources/paper.pdf,exp(x),1.1033214590279385,,,,train_failed,artifacts/campaigns/v1.8-family-standard-scoped/runs/v1.8-family-standard/v1-8-family-standard-exp-blind-zeml8-e04f0ac48af2.json
v1-8-family-standard-exp-blind-zeml8-4-f86120c07c43,v1.8-family-standard,exp-blind-zeml8-4,exp,blind,0,1,80,0,8,1,1,0.0,ZEML_8,ZEML_8 -> ZEML_4,4.178400535991686,4.178400535991685,1.0,failed,snapped_but_failed,snapped_but_failed,failed,,,blind_training,snapped_but_failed,,,not_repaired,,0,,c237c6da1b08d9529271554abe841aeb1f97b3e9467fb83a6451f2727ecf4c2d,sources/paper.pdf,exp(x),1.045403499971144,,,,train_failed,artifacts/campaigns/v1.8-family-standard-scoped/runs/v1.8-family-standard/v1-8-family-standard-exp-blind-zeml8-4-f86120c07c43.json
v1-8-family-standard-exp-blind-zeml8-4-2-1-22405499cfd3,v1.8-family-standard,exp-blind-zeml8-4-2-1,exp,blind,0,1,80,0,8,1,1,0.0,ZEML_8,ZEML_8 -> ZEML_4 -> ZEML_2 -> ZEML_1,2.866747375038092,2.866747375038092,1.0,failed,snapped_but_failed,snapped_but_failed,failed,,,blind_training,snapped_but_failed,,,not_repaired,,0,,c237c6da1b08d9529271554abe841aeb1f97b3e9467fb83a6451f2727ecf4c2d,sources/paper.pdf,exp(x),1.0246905829990283,,,,train_failed,artifacts/campaigns/v1.8-family-standard-scoped/runs/v1.8-family-standard/v1-8-family-standard-exp-blind-zeml8-4-2-1-22405499cfd3.json
v1-8-family-standard-log-blind-raw-49258e1cb4d3,v1.8-family-standard,log-blind-raw,log,blind,0,3,80,0,8,1,1,0.0,raw_eml,,1.6065967163686542e-32,1.6065967163686542e-32,1.0,recovered,scaffolded_blind_recovery,recovered,recovered,,,blind_training,scaffolded_blind_training_recovered,,,not_attempted,,0,,233dec39b6608f64a02052b470c118a5164ad9c81232c5a0772fb62f79feed93,sources/paper.pdf,E - log(exp(E)/x),1.4590190409799106,,,,verified,artifacts/campaigns/v1.8-family-standard-scoped/runs/v1.8-family-standard/v1-8-family-standard-log-blind-raw-49258e1cb4d3.json
v1-8-family-standard-log-blind-ceml1-500936c57f56,v1.8-family-standard,log-blind-ceml1,log,blind,0,3,80,0,8,1,1,0.0,CEML_1,,0.1817844261994123,0.1817844261994123,1.0,failed,snapped_but_failed,snapped_but_failed,failed,,,blind_training,snapped_but_failed,,,not_repaired,,0,,233dec39b6608f64a02052b470c118a5164ad9c81232c5a0772fb62f79feed93,sources/paper.pdf,E - log(exp(E)/x),1.6199689999921247,,,,train_failed,artifacts/campaigns/v1.8-family-standard-scoped/runs/v1.8-family-standard/v1-8-family-standard-log-blind-ceml1-500936c57f56.json
v1-8-family-standard-log-blind-zeml1-4298c6f72051,v1.8-family-standard,log-blind-zeml1,log,blind,0,3,80,0,8,1,1,0.0,ZEML_1,,1.0756222462379676,1.0756222462379676,1.0,failed,snapped_but_failed,snapped_but_failed,failed,,,blind_training,snapped_but_failed,,,not_repaired,,0,,233dec39b6608f64a02052b470c118a5164ad9c81232c5a0772fb62f79feed93,sources/paper.pdf,E - log(exp(E)/x),1.7141269160201773,,,,train_failed,artifacts/campaigns/v1.8-family-standard-scoped/runs/v1.8-family-standard/v1-8-family-standard-log-blind-zeml1-4298c6f72051.json
v1-8-family-standard-log-blind-ceml2-65b963c89fe2,v1.8-family-standard,log-blind-ceml2,log,blind,0,3,80,0,8,1,1,0.0,CEML_2,,1.1494993042821118,1.1494993042828652,1.0,failed,snapped_but_failed,snapped_but_failed,failed,,,blind_training,snapped_but_failed,,,not_repaired,,0,,233dec39b6608f64a02052b470c118a5164ad9c81232c5a0772fb62f79feed93,sources/paper.pdf,E - log(exp(E)/x),1.6850094170076773,,,,train_failed,artifacts/campaigns/v1.8-family-standard-scoped/runs/v1.8-family-standard/v1-8-family-standard-log-blind-ceml2-65b963c89fe2.json
v1-8-family-standard-log-blind-zeml2-047716b7ebfd,v1.8-family-standard,log-blind-zeml2,log,blind,0,3,80,0,8,1,1,0.0,ZEML_2,,0.06629071872222672,2.2940468933803344,0.009942271358796995,failed,snapped_but_failed,snapped_but_failed,failed,,,blind_training,snapped_but_failed,,,not_repaired,,0,,233dec39b6608f64a02052b470c118a5164ad9c81232c5a0772fb62f79feed93,sources/paper.pdf,E - log(exp(E)/x),1.5586326670018025,,,,train_failed,artifacts/campaigns/v1.8-family-standard-scoped/runs/v1.8-family-standard/v1-8-family-standard-log-blind-zeml2-047716b7ebfd.json
v1-8-family-standard-log-blind-ceml4-8bfc5907251e,v1.8-family-standard,log-blind-ceml4,log,blind,0,3,80,0,8,1,1,0.0,CEML_4,,0.5245107626866664,2.0849146271300385,0.024189924536330176,failed,snapped_but_failed,snapped_but_failed,failed,,,blind_training,snapped_but_failed,,,not_repaired,,0,,233dec39b6608f64a02052b470c118a5164ad9c81232c5a0772fb62f79feed93,sources/paper.pdf,E - log(exp(E)/x),1.5956230830051936,,,,train_failed,artifacts/campaigns/v1.8-family-standard-scoped/runs/v1.8-family-standard/v1-8-family-standard-log-blind-ceml4-8bfc5907251e.json
v1-8-family-standard-log-blind-zeml4-1e4906b2ec67,v1.8-family-standard,log-blind-zeml4,log,blind,0,3,80,0,8,1,1,0.0,ZEML_4,,4.449187346500083,4.4491873465051635,1.0,failed,snapped_but_failed,snapped_but_failed,failed,,,blind_training,snapped_but_failed,,,not_repaired,,0,,233dec39b6608f64a02052b470c118a5164ad9c81232c5a0772fb62f79feed93,sources/paper.pdf,E - log(exp(E)/x),1.6173919169814326,,,,train_failed,artifacts/campaigns/v1.8-family-standard-scoped/runs/v1.8-family-standard/v1-8-family-standard-log-blind-zeml4-1e4906b2ec67.json
v1-8-family-standard-log-blind-ceml8-1cb2f880fa79,v1.8-family-standard,log-blind-ceml8,log,blind,0,3,80,0,8,1,1,0.0,CEML_8,,0.727176111584746,0.9177825053338081,0.02331714419827846,failed,snapped_but_failed,snapped_but_failed,failed,,,blind_training,snapped_but_failed,,,not_repaired,,0,,233dec39b6608f64a02052b470c118a5164ad9c81232c5a0772fb62f79feed93,sources/paper.pdf,E - log(exp(E)/x),1.6055423329817131,,,,train_failed,artifacts/campaigns/v1.8-family-standard-scoped/runs/v1.8-family-standard/v1-8-family-standard-log-blind-ceml8-1cb2f880fa79.json
v1-8-family-standard-log-blind-zeml8-aea3cc56bb3e,v1.8-family-standard,log-blind-zeml8,log,blind,0,3,80,0,8,1,1,0.0,ZEML_8,,0.05100414399715897,0.5759901681560925,0.10454518162608806,failed,snapped_but_failed,snapped_but_failed,failed,,,blind_training,snapped_but_failed,,,not_repaired,,0,,233dec39b6608f64a02052b470c118a5164ad9c81232c5a0772fb62f79feed93,sources/paper.pdf,E - log(exp(E)/x),1.598180458007846,,,,train_failed,artifacts/campaigns/v1.8-family-standard-scoped/runs/v1.8-family-standard/v1-8-family-standard-log-blind-zeml8-aea3cc56bb3e.json
v1-8-family-standard-log-blind-zeml8-4-330e850cf115,v1.8-family-standard,log-blind-zeml8-4,log,blind,0,3,80,0,8,1,1,0.0,ZEML_8,ZEML_8 -> ZEML_4,0.05770242207844734,1.341976523189002,0.01852163372256399,failed,snapped_but_failed,snapped_but_failed,failed,,,blind_training,snapped_but_failed,,,not_repaired,,0,,233dec39b6608f64a02052b470c118a5164ad9c81232c5a0772fb62f79feed93,sources/paper.pdf,E - log(exp(E)/x),1.571660958987195,,,,train_failed,artifacts/campaigns/v1.8-family-standard-scoped/runs/v1.8-family-standard/v1-8-family-standard-log-blind-zeml8-4-330e850cf115.json
v1-8-family-standard-log-blind-zeml8-4-2-1-2fd93e56ae3b,v1.8-family-standard,log-blind-zeml8-4-2-1,log,blind,0,3,80,0,8,1,1,0.0,ZEML_8,ZEML_8 -> ZEML_4 -> ZEML_2 -> ZEML_1,0.07739784346777122,0.9700999167678807,0.6155411562854114,failed,snapped_but_failed,snapped_but_failed,failed,,,blind_training,snapped_but_failed,,,not_repaired,,0,,233dec39b6608f64a02052b470c118a5164ad9c81232c5a0772fb62f79feed93,sources/paper.pdf,E - log(exp(E)/x),1.799028541019652,,,,train_failed,artifacts/campaigns/v1.8-family-standard-scoped/runs/v1.8-family-standard/v1-8-family-standard-log-blind-zeml8-4-2-1-2fd93e56ae3b.json
v1-8-family-standard-beer-perturbation-sweep-raw-866e8b638594,v1.8-family-standard,beer-perturbation-sweep-raw,beer_lambert,warm_start,0,2,8,0,60,1,1,0.0,raw_eml,,3.719786715409145e-33,4.496499888230497e-32,1.0,recovered,same_ast_warm_start_return,same_ast_return,recovered,,,compiler_warm_start_training,same_ast,,,not_attempted,,0,,096497d3b72555a9e4b9f762bb704cea600f3e202d83267123c3be13707873da,sources/FOR_DEMO.md,exp(-0.8*x),13.243644125002902,18,0,same_ast_return,verified,artifacts/campaigns/v1.8-family-standard-scoped/runs/v1.8-family-standard/v1-8-family-standard-beer-perturbation-sweep-raw-866e8b638594.json
v1-8-family-standard-beer-perturbation-sweep-raw-c0220ac1cfdd,v1.8-family-standard,beer-perturbation-sweep-raw,beer_lambert,warm_start,0,2,8,0,60,1,1,5.0,raw_eml,,3.7231435830923e-33,4.496499888230497e-32,1.0,recovered,same_ast_warm_start_return,same_ast_return,recovered,,,compiler_warm_start_training,same_ast,,,not_attempted,,0,,096497d3b72555a9e4b9f762bb704cea600f3e202d83267123c3be13707873da,sources/FOR_DEMO.md,exp(-0.8*x),12.961656250001397,18,0,same_ast_return,verified,artifacts/campaigns/v1.8-family-standard-scoped/runs/v1.8-family-standard/v1-8-family-standard-beer-perturbation-sweep-raw-c0220ac1cfdd.json
v1-8-family-standard-beer-perturbation-sweep-raw-7b05bd4371e8,v1.8-family-standard,beer-perturbation-sweep-raw,beer_lambert,warm_start,0,2,8,0,60,1,1,35.0,raw_eml,,6.97217942933663,7.2250695723031635,0.9726757721616304,failed,snapped_but_failed,snapped_but_failed,failed,,,compiler_warm_start_training,snapped_but_failed,,,not_repaired,,0,,096497d3b72555a9e4b9f762bb704cea600f3e202d83267123c3be13707873da,sources/FOR_DEMO.md,exp(-0.8*x),13.427422250038944,18,5,active_slot_perturbation,verified,artifacts/campaigns/v1.8-family-standard-scoped/runs/v1.8-family-standard/v1-8-family-standard-beer-perturbation-sweep-raw-7b05bd4371e8.json
v1-8-family-standard-beer-perturbation-sweep-ceml1-146335ce3726,v1.8-family-standard,beer-perturbation-sweep-ceml1,beer_lambert,warm_start,0,2,8,0,60,1,1,0.0,CEML_1,,,,,recovered,unsupported,unsupported,unsupported,,,compiler_warm_start_training,unsupported,,,,,0,,096497d3b72555a9e4b9f762bb704cea600f3e202d83267123c3be13707873da,sources/FOR_DEMO.md,exp(-0.8*x),0.02728879201458767,,,,centered_family_same_family_seed_missing,artifacts/campaigns/v1.8-family-standard-scoped/runs/v1.8-family-standard/v1-8-family-standard-beer-perturbation-sweep-ceml1-146335ce3726.json
v1-8-family-standard-beer-perturbation-sweep-ceml1-55d57998a902,v1.8-family-standard,beer-perturbation-sweep-ceml1,beer_lambert,warm_start,0,2,8,0,60,1,1,5.0,CEML_1,,,,,recovered,unsupported,unsupported,unsupported,,,compiler_warm_start_training,unsupported,,,,,0,,096497d3b72555a9e4b9f762bb704cea600f3e202d83267123c3be13707873da,sources/FOR_DEMO.md,exp(-0.8*x),0.02489175001392141,,,,centered_family_same_family_seed_missing,artifacts/campaigns/v1.8-family-standard-scoped/runs/v1.8-family-standard/v1-8-family-standard-beer-perturbation-sweep-ceml1-55d57998a902.json
v1-8-family-standard-beer-perturbation-sweep-ceml1-5bb6d361f55c,v1.8-family-standard,beer-perturbation-sweep-ceml1,beer_lambert,warm_start,0,2,8,0,60,1,1,35.0,CEML_1,,,,,recovered,unsupported,unsupported,unsupported,,,compiler_warm_start_training,unsupported,,,,,0,,096497d3b72555a9e4b9f762bb704cea600f3e202d83267123c3be13707873da,sources/FOR_DEMO.md,exp(-0.8*x),0.02593341696774587,,,,centered_family_same_family_seed_missing,artifacts/campaigns/v1.8-family-standard-scoped/runs/v1.8-family-standard/v1-8-family-standard-beer-perturbation-sweep-ceml1-5bb6d361f55c.json
v1-8-family-standard-beer-perturbation-sweep-zeml1-32c4d2e4d993,v1.8-family-standard,beer-perturbation-sweep-zeml1,beer_lambert,warm_start,0,2,8,0,60,1,1,0.0,ZEML_1,,,,,recovered,unsupported,unsupported,unsupported,,,compiler_warm_start_training,unsupported,,,,,0,,096497d3b72555a9e4b9f762bb704cea600f3e202d83267123c3be13707873da,sources/FOR_DEMO.md,exp(-0.8*x),0.025733541988302022,,,,centered_family_same_family_seed_missing,artifacts/campaigns/v1.8-family-standard-scoped/runs/v1.8-family-standard/v1-8-family-standard-beer-perturbation-sweep-zeml1-32c4d2e4d993.json
v1-8-family-standard-beer-perturbation-sweep-zeml1-5c03faa3db0d,v1.8-family-standard,beer-perturbation-sweep-zeml1,beer_lambert,warm_start,0,2,8,0,60,1,1,5.0,ZEML_1,,,,,recovered,unsupported,unsupported,unsupported,,,compiler_warm_start_training,unsupported,,,,,0,,096497d3b72555a9e4b9f762bb704cea600f3e202d83267123c3be13707873da,sources/FOR_DEMO.md,exp(-0.8*x),0.022516333032399416,,,,centered_family_same_family_seed_missing,artifacts/campaigns/v1.8-family-standard-scoped/runs/v1.8-family-standard/v1-8-family-standard-beer-perturbation-sweep-zeml1-5c03faa3db0d.json
v1-8-family-standard-beer-perturbation-sweep-zeml1-f2b4e5a617ba,v1.8-family-standard,beer-perturbation-sweep-zeml1,beer_lambert,warm_start,0,2,8,0,60,1,1,35.0,ZEML_1,,,,,recovered,unsupported,unsupported,unsupported,,,compiler_warm_start_training,unsupported,,,,,0,,096497d3b72555a9e4b9f762bb704cea600f3e202d83267123c3be13707873da,sources/FOR_DEMO.md,exp(-0.8*x),0.022910250001586974,,,,centered_family_same_family_seed_missing,artifacts/campaigns/v1.8-family-standard-scoped/runs/v1.8-family-standard/v1-8-family-standard-beer-perturbation-sweep-zeml1-f2b4e5a617ba.json
v1-8-family-standard-beer-perturbation-sweep-ceml2-a0369f6c88f9,v1.8-family-standard,beer-perturbation-sweep-ceml2,beer_lambert,warm_start,0,2,8,0,60,1,1,0.0,CEML_2,,,,,recovered,unsupported,unsupported,unsupported,,,compiler_warm_start_training,unsupported,,,,,0,,096497d3b72555a9e4b9f762bb704cea600f3e202d83267123c3be13707873da,sources/FOR_DEMO.md,exp(-0.8*x),0.02162491698982194,,,,centered_family_same_family_seed_missing,artifacts/campaigns/v1.8-family-standard-scoped/runs/v1.8-family-standard/v1-8-family-standard-beer-perturbation-sweep-ceml2-a0369f6c88f9.json
v1-8-family-standard-beer-perturbation-sweep-ceml2-ddb5f3a08a00,v1.8-family-standard,beer-perturbation-sweep-ceml2,beer_lambert,warm_start,0,2,8,0,60,1,1,5.0,CEML_2,,,,,recovered,unsupported,unsupported,unsupported,,,compiler_warm_start_training,unsupported,,,,,0,,096497d3b72555a9e4b9f762bb704cea600f3e202d83267123c3be13707873da,sources/FOR_DEMO.md,exp(-0.8*x),0.021727624989580363,,,,centered_family_same_family_seed_missing,artifacts/campaigns/v1.8-family-standard-scoped/runs/v1.8-family-standard/v1-8-family-standard-beer-perturbation-sweep-ceml2-ddb5f3a08a00.json
v1-8-family-standard-beer-perturbation-sweep-ceml2-b0c30057282d,v1.8-family-standard,beer-perturbation-sweep-ceml2,beer_lambert,warm_start,0,2,8,0,60,1,1,35.0,CEML_2,,,,,recovered,unsupported,unsupported,unsupported,,,compiler_warm_start_training,unsupported,,,,,0,,096497d3b72555a9e4b9f762bb704cea600f3e202d83267123c3be13707873da,sources/FOR_DEMO.md,exp(-0.8*x),0.021210292004980147,,,,centered_family_same_family_seed_missing,artifacts/campaigns/v1.8-family-standard-scoped/runs/v1.8-family-standard/v1-8-family-standard-beer-perturbation-sweep-ceml2-b0c30057282d.json
v1-8-family-standard-beer-perturbation-sweep-zeml2-486c46e2f769,v1.8-family-standard,beer-perturbation-sweep-zeml2,beer_lambert,warm_start,0,2,8,0,60,1,1,0.0,ZEML_2,,,,,recovered,unsupported,unsupported,unsupported,,,compiler_warm_start_training,unsupported,,,,,0,,096497d3b72555a9e4b9f762bb704cea600f3e202d83267123c3be13707873da,sources/FOR_DEMO.md,exp(-0.8*x),0.020561874960549176,,,,centered_family_same_family_seed_missing,artifacts/campaigns/v1.8-family-standard-scoped/runs/v1.8-family-standard/v1-8-family-standard-beer-perturbation-sweep-zeml2-486c46e2f769.json
v1-8-family-standard-beer-perturbation-sweep-zeml2-274fd7b0df71,v1.8-family-standard,beer-perturbation-sweep-zeml2,beer_lambert,warm_start,0,2,8,0,60,1,1,5.0,ZEML_2,,,,,recovered,unsupported,unsupported,unsupported,,,compiler_warm_start_training,unsupported,,,,,0,,096497d3b72555a9e4b9f762bb704cea600f3e202d83267123c3be13707873da,sources/FOR_DEMO.md,exp(-0.8*x),0.02373791701393202,,,,centered_family_same_family_seed_missing,artifacts/campaigns/v1.8-family-standard-scoped/runs/v1.8-family-standard/v1-8-family-standard-beer-perturbation-sweep-zeml2-274fd7b0df71.json
v1-8-family-standard-beer-perturbation-sweep-zeml2-5d0d1805d66e,v1.8-family-standard,beer-perturbation-sweep-zeml2,beer_lambert,warm_start,0,2,8,0,60,1,1,35.0,ZEML_2,,,,,recovered,unsupported,unsupported,unsupported,,,compiler_warm_start_training,unsupported,,,,,0,,096497d3b72555a9e4b9f762bb704cea600f3e202d83267123c3be13707873da,sources/FOR_DEMO.md,exp(-0.8*x),0.021039791987277567,,,,centered_family_same_family_seed_missing,artifacts/campaigns/v1.8-family-standard-scoped/runs/v1.8-family-standard/v1-8-family-standard-beer-perturbation-sweep-zeml2-5d0d1805d66e.json
v1-8-family-standard-beer-perturbation-sweep-ceml4-740b75a4dfc1,v1.8-family-standard,beer-perturbation-sweep-ceml4,beer_lambert,warm_start,0,2,8,0,60,1,1,0.0,CEML_4,,,,,recovered,unsupported,unsupported,unsupported,,,compiler_warm_start_training,unsupported,,,,,0,,096497d3b72555a9e4b9f762bb704cea600f3e202d83267123c3be13707873da,sources/FOR_DEMO.md,exp(-0.8*x),0.01982337498338893,,,,centered_family_same_family_seed_missing,artifacts/campaigns/v1.8-family-standard-scoped/runs/v1.8-family-standard/v1-8-family-standard-beer-perturbation-sweep-ceml4-740b75a4dfc1.json
v1-8-family-standard-beer-perturbation-sweep-ceml4-64abb61351e3,v1.8-family-standard,beer-perturbation-sweep-ceml4,beer_lambert,warm_start,0,2,8,0,60,1,1,5.0,CEML_4,,,,,recovered,unsupported,unsupported,unsupported,,,compiler_warm_start_training,unsupported,,,,,0,,096497d3b72555a9e4b9f762bb704cea600f3e202d83267123c3be13707873da,sources/FOR_DEMO.md,exp(-0.8*x),0.02006187499500811,,,,centered_family_same_family_seed_missing,artifacts/campaigns/v1.8-family-standard-scoped/runs/v1.8-family-standard/v1-8-family-standard-beer-perturbation-sweep-ceml4-64abb61351e3.json
v1-8-family-standard-beer-perturbation-sweep-ceml4-e22858d2497a,v1.8-family-standard,beer-perturbation-sweep-ceml4,beer_lambert,warm_start,0,2,8,0,60,1,1,35.0,CEML_4,,,,,recovered,unsupported,unsupported,unsupported,,,compiler_warm_start_training,unsupported,,,,,0,,096497d3b72555a9e4b9f762bb704cea600f3e202d83267123c3be13707873da,sources/FOR_DEMO.md,exp(-0.8*x),0.021323791006579995,,,,centered_family_same_family_seed_missing,artifacts/campaigns/v1.8-family-standard-scoped/runs/v1.8-family-standard/v1-8-family-standard-beer-perturbation-sweep-ceml4-e22858d2497a.json
v1-8-family-standard-beer-perturbation-sweep-zeml4-a4c14acf6544,v1.8-family-standard,beer-perturbation-sweep-zeml4,beer_lambert,warm_start,0,2,8,0,60,1,1,0.0,ZEML_4,,,,,recovered,unsupported,unsupported,unsupported,,,compiler_warm_start_training,unsupported,,,,,0,,096497d3b72555a9e4b9f762bb704cea600f3e202d83267123c3be13707873da,sources/FOR_DEMO.md,exp(-0.8*x),0.022937458008527756,,,,centered_family_same_family_seed_missing,artifacts/campaigns/v1.8-family-standard-scoped/runs/v1.8-family-standard/v1-8-family-standard-beer-perturbation-sweep-zeml4-a4c14acf6544.json
v1-8-family-standard-beer-perturbation-sweep-zeml4-0981a6b74629,v1.8-family-standard,beer-perturbation-sweep-zeml4,beer_lambert,warm_start,0,2,8,0,60,1,1,5.0,ZEML_4,,,,,recovered,unsupported,unsupported,unsupported,,,compiler_warm_start_training,unsupported,,,,,0,,096497d3b72555a9e4b9f762bb704cea600f3e202d83267123c3be13707873da,sources/FOR_DEMO.md,exp(-0.8*x),0.021380042016971856,,,,centered_family_same_family_seed_missing,artifacts/campaigns/v1.8-family-standard-scoped/runs/v1.8-family-standard/v1-8-family-standard-beer-perturbation-sweep-zeml4-0981a6b74629.json
v1-8-family-standard-beer-perturbation-sweep-zeml4-c43701519585,v1.8-family-standard,beer-perturbation-sweep-zeml4,beer_lambert,warm_start,0,2,8,0,60,1,1,35.0,ZEML_4,,,,,recovered,unsupported,unsupported,unsupported,,,compiler_warm_start_training,unsupported,,,,,0,,096497d3b72555a9e4b9f762bb704cea600f3e202d83267123c3be13707873da,sources/FOR_DEMO.md,exp(-0.8*x),0.026623415993526578,,,,centered_family_same_family_seed_missing,artifacts/campaigns/v1.8-family-standard-scoped/runs/v1.8-family-standard/v1-8-family-standard-beer-perturbation-sweep-zeml4-c43701519585.json
v1-8-family-standard-beer-perturbation-sweep-ceml8-52ca002e41e7,v1.8-family-standard,beer-perturbation-sweep-ceml8,beer_lambert,warm_start,0,2,8,0,60,1,1,0.0,CEML_8,,,,,recovered,unsupported,unsupported,unsupported,,,compiler_warm_start_training,unsupported,,,,,0,,096497d3b72555a9e4b9f762bb704cea600f3e202d83267123c3be13707873da,sources/FOR_DEMO.md,exp(-0.8*x),0.027922875015065074,,,,centered_family_same_family_seed_missing,artifacts/campaigns/v1.8-family-standard-scoped/runs/v1.8-family-standard/v1-8-family-standard-beer-perturbation-sweep-ceml8-52ca002e41e7.json
v1-8-family-standard-beer-perturbation-sweep-ceml8-180ebe5aefb4,v1.8-family-standard,beer-perturbation-sweep-ceml8,beer_lambert,warm_start,0,2,8,0,60,1,1,5.0,CEML_8,,,,,recovered,unsupported,unsupported,unsupported,,,compiler_warm_start_training,unsupported,,,,,0,,096497d3b72555a9e4b9f762bb704cea600f3e202d83267123c3be13707873da,sources/FOR_DEMO.md,exp(-0.8*x),0.025345625006593764,,,,centered_family_same_family_seed_missing,artifacts/campaigns/v1.8-family-standard-scoped/runs/v1.8-family-standard/v1-8-family-standard-beer-perturbation-sweep-ceml8-180ebe5aefb4.json
v1-8-family-standard-beer-perturbation-sweep-ceml8-423f08ba249e,v1.8-family-standard,beer-perturbation-sweep-ceml8,beer_lambert,warm_start,0,2,8,0,60,1,1,35.0,CEML_8,,,,,recovered,unsupported,unsupported,unsupported,,,compiler_warm_start_training,unsupported,,,,,0,,096497d3b72555a9e4b9f762bb704cea600f3e202d83267123c3be13707873da,sources/FOR_DEMO.md,exp(-0.8*x),0.025540417002048343,,,,centered_family_same_family_seed_missing,artifacts/campaigns/v1.8-family-standard-scoped/runs/v1.8-family-standard/v1-8-family-standard-beer-perturbation-sweep-ceml8-423f08ba249e.json
v1-8-family-standard-beer-perturbation-sweep-zeml8-d2fb5d5d1422,v1.8-family-standard,beer-perturbation-sweep-zeml8,beer_lambert,warm_start,0,2,8,0,60,1,1,0.0,ZEML_8,,,,,recovered,unsupported,unsupported,unsupported,,,compiler_warm_start_training,unsupported,,,,,0,,096497d3b72555a9e4b9f762bb704cea600f3e202d83267123c3be13707873da,sources/FOR_DEMO.md,exp(-0.8*x),0.024588916974607855,,,,centered_family_same_family_seed_missing,artifacts/campaigns/v1.8-family-standard-scoped/runs/v1.8-family-standard/v1-8-family-standard-beer-perturbation-sweep-zeml8-d2fb5d5d1422.json
v1-8-family-standard-beer-perturbation-sweep-zeml8-a08d9eab88b3,v1.8-family-standard,beer-perturbation-sweep-zeml8,beer_lambert,warm_start,0,2,8,0,60,1,1,5.0,ZEML_8,,,,,recovered,unsupported,unsupported,unsupported,,,compiler_warm_start_training,unsupported,,,,,0,,096497d3b72555a9e4b9f762bb704cea600f3e202d83267123c3be13707873da,sources/FOR_DEMO.md,exp(-0.8*x),0.02501166600268334,,,,centered_family_same_family_seed_missing,artifacts/campaigns/v1.8-family-standard-scoped/runs/v1.8-family-standard/v1-8-family-standard-beer-perturbation-sweep-zeml8-a08d9eab88b3.json
v1-8-family-standard-beer-perturbation-sweep-zeml8-8b46234c400d,v1.8-family-standard,beer-perturbation-sweep-zeml8,beer_lambert,warm_start,0,2,8,0,60,1,1,35.0,ZEML_8,,,,,recovered,unsupported,unsupported,unsupported,,,compiler_warm_start_training,unsupported,,,,,0,,096497d3b72555a9e4b9f762bb704cea600f3e202d83267123c3be13707873da,sources/FOR_DEMO.md,exp(-0.8*x),0.026204457972198725,,,,centered_family_same_family_seed_missing,artifacts/campaigns/v1.8-family-standard-scoped/runs/v1.8-family-standard/v1-8-family-standard-beer-perturbation-sweep-zeml8-8b46234c400d.json
v1-8-family-standard-beer-perturbation-sweep-zeml8-4-de36987134db,v1.8-family-standard,beer-perturbation-sweep-zeml8-4,beer_lambert,warm_start,0,2,8,0,60,1,1,0.0,ZEML_8,ZEML_8 -> ZEML_4,,,,recovered,unsupported,unsupported,unsupported,,,compiler_warm_start_training,unsupported,,,,,0,,096497d3b72555a9e4b9f762bb704cea600f3e202d83267123c3be13707873da,sources/FOR_DEMO.md,exp(-0.8*x),0.02268404100323096,,,,centered_family_same_family_seed_missing,artifacts/campaigns/v1.8-family-standard-scoped/runs/v1.8-family-standard/v1-8-family-standard-beer-perturbation-sweep-zeml8-4-de36987134db.json
v1-8-family-standard-beer-perturbation-sweep-zeml8-4-4809cd878a8a,v1.8-family-standard,beer-perturbation-sweep-zeml8-4,beer_lambert,warm_start,0,2,8,0,60,1,1,5.0,ZEML_8,ZEML_8 -> ZEML_4,,,,recovered,unsupported,unsupported,unsupported,,,compiler_warm_start_training,unsupported,,,,,0,,096497d3b72555a9e4b9f762bb704cea600f3e202d83267123c3be13707873da,sources/FOR_DEMO.md,exp(-0.8*x),0.02165800001239404,,,,centered_family_same_family_seed_missing,artifacts/campaigns/v1.8-family-standard-scoped/runs/v1.8-family-standard/v1-8-family-standard-beer-perturbation-sweep-zeml8-4-4809cd878a8a.json
v1-8-family-standard-beer-perturbation-sweep-zeml8-4-b39172296e88,v1.8-family-standard,beer-perturbation-sweep-zeml8-4,beer_lambert,warm_start,0,2,8,0,60,1,1,35.0,ZEML_8,ZEML_8 -> ZEML_4,,,,recovered,unsupported,unsupported,unsupported,,,compiler_warm_start_training,unsupported,,,,,0,,096497d3b72555a9e4b9f762bb704cea600f3e202d83267123c3be13707873da,sources/FOR_DEMO.md,exp(-0.8*x),0.023166416969615966,,,,centered_family_same_family_seed_missing,artifacts/campaigns/v1.8-family-standard-scoped/runs/v1.8-family-standard/v1-8-family-standard-beer-perturbation-sweep-zeml8-4-b39172296e88.json
v1-8-family-standard-beer-perturbation-sweep-zeml8-4-2-1-fc695301052f,v1.8-family-standard,beer-perturbation-sweep-zeml8-4-2-1,beer_lambert,warm_start,0,2,8,0,60,1,1,0.0,ZEML_8,ZEML_8 -> ZEML_4 -> ZEML_2 -> ZEML_1,,,,recovered,unsupported,unsupported,unsupported,,,compiler_warm_start_training,unsupported,,,,,0,,096497d3b72555a9e4b9f762bb704cea600f3e202d83267123c3be13707873da,sources/FOR_DEMO.md,exp(-0.8*x),0.02143999998224899,,,,centered_family_same_family_seed_missing,artifacts/campaigns/v1.8-family-standard-scoped/runs/v1.8-family-standard/v1-8-family-standard-beer-perturbation-sweep-zeml8-4-2-1-fc695301052f.json
v1-8-family-standard-beer-perturbation-sweep-zeml8-4-2-1-40893926f4de,v1.8-family-standard,beer-perturbation-sweep-zeml8-4-2-1,beer_lambert,warm_start,0,2,8,0,60,1,1,5.0,ZEML_8,ZEML_8 -> ZEML_4 -> ZEML_2 -> ZEML_1,,,,recovered,unsupported,unsupported,unsupported,,,compiler_warm_start_training,unsupported,,,,,0,,096497d3b72555a9e4b9f762bb704cea600f3e202d83267123c3be13707873da,sources/FOR_DEMO.md,exp(-0.8*x),0.02099429100053385,,,,centered_family_same_family_seed_missing,artifacts/campaigns/v1.8-family-standard-scoped/runs/v1.8-family-standard/v1-8-family-standard-beer-perturbation-sweep-zeml8-4-2-1-40893926f4de.json
v1-8-family-standard-beer-perturbation-sweep-zeml8-4-2-1-79858f854a23,v1.8-family-standard,beer-perturbation-sweep-zeml8-4-2-1,beer_lambert,warm_start,0,2,8,0,60,1,1,35.0,ZEML_8,ZEML_8 -> ZEML_4 -> ZEML_2 -> ZEML_1,,,,recovered,unsupported,unsupported,unsupported,,,compiler_warm_start_training,unsupported,,,,,0,,096497d3b72555a9e4b9f762bb704cea600f3e202d83267123c3be13707873da,sources/FOR_DEMO.md,exp(-0.8*x),0.021678832999896258,,,,centered_family_same_family_seed_missing,artifacts/campaigns/v1.8-family-standard-scoped/runs/v1.8-family-standard/v1-8-family-standard-beer-perturbation-sweep-zeml8-4-2-1-79858f854a23.json
